1.12805578415282,635.143158491701,1.53979358216748,1.59586556092836
1.51115409051999,285.292182816193,1.52841093624011,1.29512084508315
1.17418587114662,414.236236363649,1.16355028771795,1.90469468850642
1.99450318375602,11.7193211335689,1.14811986288987,1.9585374253802
1.73425543587655,68.4226693119854,1.26260237814859,1.02861323882826
1.44809142989106,579.048122512177,1.75139428116381,1.94778779172339
1.99670315301046,292.067572241649,1.27554166014306,1.15863632434048
1.16802416625433,157.121076015756,1.5098797371611,1.59335937956348
1.87679934198968,556.190920528024,1.53192554344423,1.1991792966146
1.51019721128978,651.928612031043,1.91851712134667,1.44710261886939
1.58605574979447,108.898750506341,1.55062954407185,1.53285973984748
1.63932392001152,997.48786445707,1.49805512931198,1.15514372568578
1.83769546030089,436.317584477365,1.03688654489815,1.41285613528453
1.35233611287549,109.819031320512,1.80462644342333,1.03443186613731
1.86976042948663,403.260298771784,1.19489127234556,1.11877647042274
1.64996326551773,376.920914044604,1.80545352888294,1.30151225579903
1.75742455921136,737.833917140961,1.20878729154356,1.99781985580921
1.03610437596217,249.447406502441,1.62825834518299,1.18864515190944
1.03502124431543,288.147720741108,1.62704103020951,1.77429807418957
1.29333092365414,202.214971650392,1.79579617478885,1.50604159687646
1.9983458283823,641.151876188815,1.48920836602338,1.26496710604988
1.60728778573684,925.861746771261,1.25931591470726,1.73562358063646
1.64128326904029,825.997741660103,1.78656936972402,1.00744076306
1.67591773788445,918.479367857799,1.79061264917254,1.99088306585327
1.14320464082994,948.668806115165,1.25990397809073,1.78891247883439
1.67619550088421,144.220746122301,1.4409294987563,1.66281285439618
1.44920416828245,469.860629877076,1.04882380669005,1.118326933356
1.66710515413433,21.428196458146,1.77926555369049,1.57806886034086
1.71223410987295,72.182888397947,1.30047912080772,1.79488137830049
1.82811596244574,839.831079589203,1.06209706724621,1.97150638629682
1.42136494885199,987.644749227911,1.8809419053141,1.76728715910576
1.12148026120849,114.682133309543,1.99586332705803,1.36941667017527
1.28046557097696,197.554527549073,1.07819148013368,1.63194311922416
1.46376607124694,801.593884592876,1.6139412089251,1.71720282710157
1.41893619275652,486.649518134072,1.5023339567706,1.80600315658376
1.77664270275272,361.221010563895,1.80011332966387,1.88989733252674
1.61422052746639,340.62771149911,1.51339400722645,1.79771068156697
1.53601774550043,765.30741341412,1.23776327562518,1.17493240651675
1.16625702823512,212.465561227873,1.33644718141295,1.29411451052874
1.93676027609035,460.22513625212,1.73490395164117,1.9644118542783
1.76998357987031,582.224754383788,1.79268202465028,1.47632205113769
1.4478740345221,543.826878303662,1.21969656646252,1.18898077635095
1.95076904934831,889.708323171362,1.70196145889349,1.20532260695472
1.11861827527173,469.502936350182,1.23446239857003,1.28315476397984
1.87281310046092,968.19055150263,1.9451923109591,1.24908110732213
1.40652316086926,971.450773999095,1.13956525037065,1.86022983887233
1.7329991965089,33.0545587930828,1.60724794259295,1.88581603486091
1.33535828767344,359.17084524408,1.86740286764689,1.79659967147745
1.10921028791927,781.862504547462,1.05456320662051,1.04350379179232
1.58714301278815,436.794185778126,1.40202209213749,1.74489802238531
1.85226454073563,509.188243420795,1.0775385259185,1.88466464309022
1.03918721107766,20.4745773226023,1.27681053103879,1.147790271556
1.07767348107882,302.808959037066,1.11415218003094,1.0535962455906
1.66931664315052,159.899906022474,1.34558935044333,1.0661701078061
1.48364671110176,546.553027583286,1.78071803739294,1.25343248224817
1.54276578780264,766.509290318936,1.07564057968557,1.55515935388394
1.12464613211341,346.561988582835,1.25549510074779,1.41158731398173
1.08659476554021,49.8541966080666,1.92297075642273,1.46614713780582
1.67161755776033,216.312180040404,1.31302213156596,1.13041154481471
1.13289795815945,924.876123899594,1.12538614333607,1.8369906663429
1.90109853446484,694.896502187476,1.16618152242154,1.2416482840199
1.53348102932796,351.614532759413,1.41070633823983,1.92907705274411
1.68044555513188,268.873580964282,1.0648119954858,1.10937477089465
1.70416472619399,282.626820495352,1.66233861469664,1.81572527531534
1.70798414992169,960.80070361495,1.72049156948924,1.34474165434949
1.04689327557571,556.148754199967,1.41844738950022,1.76538276090287
1.50915872119367,700.557678937912,1.46791774965823,1.82666624989361
1.18342101993039,55.4726507980376,1.39240693743341,1.60330651793629
1.27314225374721,264.502617996186,1.19083359721117,1.29241228569299
1.36534947319888,247.946062125266,1.07659724564292,1.21112858410925
1.82433534204029,11.0256217885762,1.79171141795814,1.17635287414305
1.46048426977359,386.617559241131,1.22810948011465,1.5202289132867
1.65460250596516,666.31301259622,1.80490383994766,1.966528265737
1.08166178804822,717.354492051527,1.39353259373456,1.72943731606938
1.20658719609492,730.165435466915,1.36771096917801,1.09252817812376
1.48252116469666,807.643965119496,1.65638126805425,1.55212408513762
1.78389287693426,536.858516745269,1.39076604298316,1.87241584970616
1.15794270741753,69.8413257487118,1.91203642170876,1.90381746389903
1.6496391997207,22.5435704924166,1.51331610418856,1.1864369653631
1.9659056304954,173.549910541624,1.66624943795614,1.28675738885067
1.73361449153163,919.313537888229,1.86066765151918,1.51554006780498
1.64469692343846,903.994468040764,1.32034147484228,1.64585955580696
1.56370156886987,815.676609519869,1.168658106355,1.75901540834457
1.95489531056955,16.4861066732556,1.56372654554434,1.93376855459064
1.81999803939834,206.966289086267,1.06964883138426,1.17524972348474
1.61064131790772,297.908635344356,1.21942459163256,1.25005210121162
1.76707590860315,516.494457842782,1.58559991209768,1.39811290847138
1.05729527724907,448.119118111208,1.3640185338445,1.8507998213172
1.30642029247247,95.8185859490186,1.88443922298029,1.71684286603704
1.87388635380194,804.76386891678,1.06334076961502,1.77798960660584
1.7502735836897,288.380870828405,1.99393003759906,1.25369819602929
1.11064358288422,771.183505654335,1.18519448325969,1.95071844710037
1.26372915040702,538.032438838854,1.71794633287936,1.85802314779721
1.48870183108374,78.6343975923955,1.72120236442424,1.46202251804061
1.01182330562733,97.7295807097107,1.11417403700761,1.41281096613966
1.37774672685191,577.900025527924,1.37390310293995,1.57224657782353
1.65786718181334,646.381755359471,1.34125258447602,1.10195066151209
1.83818928268738,634.106795303524,1.70115831797011,1.85644989460707
1.79715171596035,891.648295102641,1.34080791659653,1.68433772982098
1.24527140916325,190.89796510525,1.66639784513973,1.0292430408299
1.71263487217948,450.098438886926,1.05581257888116,1.0676562783774
1.80030458886176,86.7188645061105,1.38737483904697,1.12790887686424
1.42351585254073,435.980595881119,1.54661873867735,1.55907186539844
1.98399611050263,707.667286740616,1.70643683359958,1.79302782891318
1.83740583434701,833.200190216303,1.58033623476513,1.24664832907729
1.07476676232181,616.105345543474,1.19039850099944,1.70005993149243
1.76710470975377,981.71203932725,1.59881617990322,1.19153711618856
1.81016852892935,756.712779635563,1.83902957919054,1.37843078165315
1.41269257711247,633.800498442724,1.32852974743582,1.58198872441426
1.75321728247218,346.239367499948,1.64166362490505,1.67841802467592
1.62104774685577,138.131894404069,1.71893865335733,1.51883282628842
1.00336655275896,877.97854328528,1.15307850739919,1.77701391326264
1.38918247586116,160.150184063241,1.41655474854633,1.1697530655656
1.99093678686768,252.765216864645,1.1818576476071,1.97953933221288
1.98717011488043,101.063802372664,1.30040060309693,1.55699564609677
1.91651353309862,359.096529195085,1.25068846112117,1.39137751050293
1.50902706501074,753.138880245388,1.81516246660613,1.64352035569027
1.80438762507401,419.168397551402,1.36100793117657,1.87025573127903
1.1276086808648,45.4545603133738,1.42395019088872,1.43531797011383
1.52989985817112,474.762241123244,1.9087436508853,1.61435201833956
1.45943117444403,827.931076753885,1.41767533333041,1.7305337798316
1.35646331915632,753.116571344435,1.45559994853102,1.01119175925851
1.1309899892658,496.235045604408,1.49443644960411,1.42194140702486
1.29068022640422,377.11146264337,1.14688794570975,1.36759493220598
1.65561301656999,145.814714487642,1.30825493950397,1.08415055903606
1.67031143140048,492.335908580571,1.24027592269704,1.88642286555842
1.43595290812664,43.3100839145482,1.17874896130525,1.92702125851065
1.00835356651805,818.926189793274,1.39831131557003,1.94345284951851
1.80586136248894,883.866083808243,1.44818029319867,1.7067653471604
1.75284700421616,923.869200283661,1.55603136192076,1.9598488912452
1.00651013129391,652.972259325907,1.36303820204921,1.23502116883174
1.04255272471346,923.140383325517,1.57040210091509,1.90866703935899
1.36840476538055,959.310801001266,1.33398556429893,1.00685005565174
1.00401570834219,475.948345148936,1.39291876135394,1.94552806043066
1.60639996104874,146.708670305088,1.58205600548536,1.47009611362591
1.28843422466889,175.159492529929,1.21596906310879,1.69641537289135
1.70654636784457,892.023818800226,1.35031076171435,1.34985125320964
1.5944703463465,994.535479694605,1.34503095922992,1.43797205178998
1.48665826674551,827.370170969516,1.55139637202956,1.40998879447579
1.17051645694301,732.990682823583,1.96936431550421,1.78005508380011
1.30361214186996,756.853508763015,1.8770014885813,1.08060208358802
1.00783473788761,807.051346404478,1.48046191781759,1.14933354919776
1.25021199253388,193.668438587338,1.60089781926945,1.00533761433326
1.74310163222253,901.796537218615,1.14254884957336,1.09318992448971
1.79941680771299,692.32306885533,1.9485982619226,1.05189972976223
1.03300358564593,794.085890753195,1.00741770514287,1.54223817936145
1.4378298369702,811.248013284057,1.60859072138555,1.89926452562213
1.88059449964203,503.13700735569,1.96692164428532,1.91413745936006
1.37432504375465,43.1562701705843,1.22685148357414,1.11071490775794
1.2894224897027,297.732556471601,1.09867868223228,1.20566460164264
1.33930713380687,464.300618972629,1.87819733167998,1.63839335436933
1.05422219564207,705.239221220836,1.91273174784146,1.21778881223872
1.60115866642445,368.028054013848,1.65658174618147,1.80103772273287
1.62456925446168,441.048192093149,1.44037014618516,1.3373753677588
1.48032519221306,674.85629580915,1.01614057878032,1.96489763329737
1.62546766269952,399.413887644187,1.70916902320459,1.88615881092846
1.43589918524958,345.543816685677,1.40396338538267,1.63257965934463
1.96352384006605,187.109281308949,1.08330570021644,1.64601994096301
1.96270601544529,790.275774896145,1.60872612684034,1.32384707871825
1.42627844889648,60.6492573861033,1.23618332808837,1.51336394296959
1.17226498015225,268.440110376105,1.81146830529906,1.76712329918519
1.46402426576242,821.090039564297,1.67753351689316,1.38999203336425
1.95895594567992,823.197584599257,1.95140514988452,1.70591000793502
1.49024080228992,821.006179554388,1.69308843347244,1.41751894331537
1.59503715089522,748.960069846362,1.90680483682081,1.98104386101477
1.99198091332801,435.642123455182,1.9396201686468,1.54821370588616
1.50984411267564,948.98806978017,1.66674097557552,1.63252309383824
1.84478643117473,807.75748169981,1.34755098144524,1.70100584649481
1.46962163620628,361.199483741075,1.12025403790176,1.2033908222802
1.20172124239616,903.675278183073,1.66007442376576,1.22301864251494
1.34068796993233,378.315954701975,1.43333597015589,1.44428404001519
1.7613542098552,967.60399453342,1.41979383304715,1.20820847223513
1.5068009623792,360.856788931414,1.2370631757658,1.92495729913935
1.80926441168413,543.905397411436,1.47530106524937,1.82073400821537
1.16511588683352,241.323880618438,1.54549641115591,1.95344342151657
1.58906592498533,572.546252049506,1.17282007192262,1.74239219212905
1.77414401015267,433.178358245641,1.44932888587937,1.73473240598105
1.70546329044737,925.380138680339,1.3153904019855,1.08062012819573
1.40387047082186,358.482608571649,1.78893449436873,1.00149590801448
1.98738362919539,391.932477010414,1.06790602835827,1.68798968335614
1.40774974529631,585.412685293704,1.5719138183631,1.55566601781175
1.85119665134698,913.71723683551,1.6476489524357,1.01986975083128
1.37958858022466,57.3101306799799,1.58465801668353,1.78310242109001
1.86130365892313,441.775777144358,1.13783646840602,1.35485370899551
1.40885927109048,532.44994324632,1.70193610922433,1.88227810314856
1.49404765386134,278.345104772598,1.39507533120923,1.86970007116906
1.68801252776757,358.842430403456,1.38059658999555,1.70909839496017
1.16733325365931,929.723193868995,1.88329247804359,1.58097797329538
1.42968276375905,517.553211189806,1.79347513755783,1.26403239159845
1.9638066382613,522.247147280723,1.7366626507137,1.35061962902546
1.63464872539043,428.073439048603,1.23585712444037,1.05672383215278
1.58134509506635,228.173858951777,1.83552013384178,1.56459968397394
1.36934480350465,494.948505423963,1.00021271803416,1.48754138010554
1.85724047222175,407.670563319698,1.46610716101713,1.28900503972545
1.88089620368555,339.670273242518,1.7803686754778,1.95455701253377
1.85615920950659,759.691090555862,1.42127484083176,1.23977659340017
1.75556927686557,622.609621379524,1.41907316888683,1.62984953843988
1.47609443590045,10.768064763397,1.85612087743357,1.08437810535543
1.90811034664512,302.381846820936,1.20773621136323,1.29426810820587
1.91085480293259,854.807648574933,1.16932341828942,1.66536917886697
1.25146046094596,432.849086355418,1.14071042463183,1.90843722247519
1.77475696965121,147.288345731795,1.0959235788323,1.82918637571856
1.57789870235138,544.964954257011,1.59463592479005,1.56721219792962
1.93293987680227,649.326049024239,1.38409008621238,1.47208478301764
1.7633794224821,759.656305424869,1.30633395654149,1.7450402691029
1.93686786200851,267.3088258598,1.04644080041908,1.11755927605554
1.19922552653588,811.710296664387,1.51424816972576,1.14540850766934
1.4457363365218,499.060219386593,1.6736490027979,1.18505134433508
1.37733576493338,70.0796102173626,1.30327166849747,1.19686357583851
1.45871609728783,7.87447253242135,1.04170233407058,1.5618465768639
1.6014217347838,412.28768764995,1.08192531811073,1.59551102505066
1.90445150993764,982.246360043064,1.43894196511246,1.03340258472599
1.27528749662451,389.347402844578,1.04197923769243,1.98755487659946
1.92638890910894,57.1196503005922,1.66021862602793,1.64646635181271
1.13886986952275,905.684301164001,1.5650980793871,1.97600755468011
1.21365792164579,922.639061231166,1.56981018022634,1.36353222676553
1.57684917468578,421.176630537957,1.36186196142808,1.65044203260913
1.71324901841581,802.439636783674,1.91254478786141,1.32352057797834
1.65207181591541,506.55053392984,1.15897650807165,1.87221537157893
1.05247611599043,683.530669659376,1.34915420366451,1.93009052006528
1.19676270382479,30.2841064985842,1.80711435549892,1.46932279900648
1.00723578943871,494.338776916265,1.96912457002327,1.67726860917173
1.23789628897794,415.148021187633,1.37265476514585,1.49377216212451
1.5551592472475,318.659217096865,1.91195915592834,1.67241031816229
1.62769637722522,208.107326878235,1.4730568532832,1.56075786659494
1.7441614989657,980.435315985233,1.00071801524609,1.21546441037208
1.24240441690199,174.016391858459,1.67523741954938,1.58305639377795
1.94911566958763,257.302931277081,1.48185022058897,1.23580465489067
1.05958536383696,574.192609637976,1.574159813812,1.52932962914929
1.99333246680908,561.170037370175,1.00410093506798,1.9211194794625
1.01401470531709,746.729596983641,1.95490224356763,1.33227891963907
1.44365496723913,353.868058416992,1.29283573338762,1.90814292291179
1.27058929949999,602.212859783322,1.81150417239405,1.15031383465976
1.76492226310074,906.8191065453,1.82059964025393,1.89632088085636
1.55431820801459,33.2528192084283,1.83581893332303,1.40834633703344
1.01468265312724,561.531324172392,1.25650553102605,1.60447585093789
1.20037402235903,846.87157557346,1.4752593243029,1.86480641597882
1.90370266931131,849.936046870425,1.62388053396717,1.5236016085837
1.13881222251803,608.28105174005,1.39164243941195,1.04651730763726
1.80850513256155,849.68644590117,1.69584691780619,1.39160717395134
1.20968038844876,989.556818269193,1.79452488129027,1.92160906153731
1.13739742455073,358.03002375178,1.64444164768793,1.3486288532149
1.46583914896473,595.146354287863,1.45935364230536,1.8324290602468
1.84713085996918,201.25227374956,1.93646273366176,1.40328644146211
1.83827480929904,53.073757328093,1.83356410334818,1.60947583406232
1.27092411462218,104.706993093714,1.97114006523043,1.4243723761756
1.54643880110234,989.651427837089,1.51497905259021,1.35113266459666
1.27350831031799,840.432083699852,1.24596817814745,1.61756824259646
1.58786149742082,181.127508869395,1.90879090339877,1.71737391431816
1.83312774938531,907.446158817038,1.26505617448129,1.20898123783991
1.96003205957823,700.950491474941,1.32380435778759,1.25209475518204
1.86617978196591,138.965953374282,1.69284150423482,1.23933710670099
1.78987402538769,992.53203603439,1.41058202087879,1.95612904662266
1.70509954937734,234.799794387072,1.90125651843846,1.29941045120358
1.89227247820236,205.639379099011,1.22906414046884,1.15570954233408
1.79414175986312,351.908872835338,1.2700233173091,1.40508830896579
1.02391478559002,655.620435252786,1.47141880728304,1.3003041590564
1.33092318638228,521.720518823713,1.91877830890007,1.38584886328317
1.117028192617,96.2494022678584,1.77057886985131,1.48507196921855
1.40768655552529,578.439300647005,1.93852188298479,1.17693773307838
1.60650808177888,627.040340565145,1.0034172765445,1.29913101508282
1.19960759300739,860.781882656738,1.16976268077269,1.36789525905624
1.47605904750526,187.519389204681,1.46366949449293,1.73373519978486
1.37563114962541,939.31973562576,1.60928495554253,1.96366929635406
1.33553779590875,183.085476979613,1.22817777004093,1.13155221729539
1.44763023080304,253.873552661389,1.75563902757131,1.54865901218727
1.80790392728522,935.967765981331,1.61623531091027,1.58329992718063
1.78170584584586,670.83374527283,1.08837964409031,1.36113205272704
1.01100846636109,661.507810465991,1.11049402225763,1.29179456201382
1.08649176894687,421.4514545165,1.94158721878193,1.79524935479276
1.05248253676109,782.599117141217,1.96217166539282,1.65109438332729
1.24875010130927,521.256520645693,1.39800205919892,1.93718584859744
1.71366484789178,950.126066571102,1.91519981645979,1.25156329176389
1.3950858048629,11.0503311734647,1.9993447298184,1.85745592112653
1.4824088618625,78.719921875745,1.24350839667022,1.51615806878544
1.58594372309744,32.9097092617303,1.04816313320771,1.51830368582159
1.97204547771253,808.809927431867,1.7218297990039,1.54231320577674
1.88399868062697,604.984259465709,1.36547531909309,1.76322374329902
1.528417899739,75.662995222956,1.91546292370185,1.24949692701921
1.27395207807422,369.066794635728,1.65393039700575,1.50253240764141
1.01573299383745,916.118111694232,1.39335848763585,1.21142332768068
1.21482661808841,104.423108277842,1.46303857234307,1.25858086370863
1.27597060147673,407.349857967347,1.5834158740472,1.80004653381184
1.46311446395703,982.915425207466,1.89383122208528,1.87812617886811
1.2665153273847,351.981064770371,1.23281218437478,1.84320198069327
1.75899080256931,126.360311405733,1.89775294903666,1.8383922399953
1.43051912984811,777.848230907694,1.00898700091057,1.57328492938541
1.61796934576705,889.379535568878,1.01374274748378,1.23648005654104
1.74807065376081,193.697992013767,1.02217481750995,1.12100881058723
1.5418726077769,171.748912660405,1.77414467232302,1.7471263865009
1.17362574487925,276.612345827743,1.26599664613605,1.63879445008934
1.47402877034619,947.1226753667,1.24145100661553,1.52598440879956
1.26059951586649,746.90156802535,1.69303038832732,1.21340021933429
1.39390039839782,685.375325847417,1.66473721573129,1.58893891703337
1.87088620709255,765.25199925527,1.78299295133911,1.07374134124257
1.75477374671027,819.063581060618,1.51706141652539,1.74631563923322
1.37548817135394,871.02072732523,1.09381102211773,1.33699424820952
1.3526706804987,36.3825943786651,1.24909626622684,1.85348704853095
1.59277024143375,405.778126558289,1.14697319734842,1.89328223583288
1.82483298401348,178.948079701513,1.45970223471522,1.55535495537333
1.31617369828746,934.381028171629,1.8143014095258,1.87760049733333
1.50816879235208,616.932144155726,1.59423258551396,1.55654731020331
1.31459895847365,236.331317108124,1.63537229481153,1.16027192072943
1.63348677847534,908.602127339691,1.06176784122363,1.3854836395476
1.2899955981411,813.903332222253,1.61598718864843,1.67965897475369
1.21608715830371,336.815911810845,1.55433589941822,1.52875628066249
1.16430566902272,653.600964229554,1.10412964783609,1.02991746831685
1.92716624052264,481.51795915328,1.53252950776368,1.84606819343753
1.10493729752488,888.598288642243,1.23655215324834,1.11544492584653
1.41984477150254,4.88184648565948,1.14512746524997,1.92077547614463
1.35473998077214,333.335556089878,1.33504147990607,1.73211221769452
1.15255198231898,867.112530395389,1.52504008007236,1.30240795505233
1.70451898360625,713.8952978421,1.83074955665506,1.03380851517431
1.65694792266004,77.8163466602564,1.53273855056614,1.59521880769171
1.85937232314609,345.484206918627,1.67871531494893,1.3429352613166
1.78743586852215,462.338972371072,1.9990529876668,1.46864516637288
1.46518284082413,42.9026959463954,1.69243882969022,1.67673340672627
1.5987377052661,519.211751408875,1.52058602962643,1.68103701900691
1.84118413925171,497.736377175897,1.38321818690747,1.45567802456208
1.07782019395381,1.42895034514368,1.49531371309422,1.81158741703257
1.9029030080419,323.377785738558,1.38067306624725,1.22552561038174
1.14425167161971,817.122362088412,1.2475567413494,1.74907123344019
1.4818034011405,932.670985115692,1.51713077048771,1.60211295308545
1.23194685066119,897.625514306128,1.26039901934564,1.91394530632533
1.13309802557342,681.803929852322,1.66093447664753,1.47471203398891
1.34256181097589,375.626569148153,1.21251824940555,1.33882067515515
1.98789941729046,691.236797487363,1.18951792945154,1.42632117820904
1.62610777444206,686.15585938096,1.48691508895718,1.1034081466496
1.33796077384613,83.9113853871822,1.58939762320369,1.79028941434808
1.10696150013246,285.911380778998,1.95147648570128,1.91377048194408
1.85101912473328,257.969799917191,1.08193842764013,1.19565627048723
1.04095334140584,892.884572269395,1.19226884143427,1.18251248751767
1.48964783363044,626.69975636527,1.57301955553703,1.78993184654973
1.31105376640335,698.052998865023,1.71285294671543,1.08070267364383
1.07878823438659,249.007762176916,1.6170464749448,1.71139349951409
1.51978867012076,265.177149092779,1.84707005461678,1.00276464596391
1.0021769485902,267.45636225678,1.96140198106878,1.6877450554166
1.9919208616484,383.508840808645,1.7857234259136,1.57814459106885
1.84809556882828,141.42003073357,1.66923788166605,1.67256428557448
1.98625024198554,181.268731597811,1.47036249004304,1.02708437899128
1.46021616249345,434.490257641301,1.0609624190256,1.3061735322699
1.09512343886308,213.115459308028,1.83760116295889,1.39190894528292
1.96840132493526,829.743011388928,1.30438909027725,1.56812381208874
1.3741386695765,522.57529553026,1.56185437995009,1.97517806407996
1.63327058893628,578.136302065104,1.2986439128872,1.81297186808661
1.74395506363362,455.461255740374,1.20954744215123,1.13210970698856
1.79752230108716,499.413516139612,1.18883604486473,1.28194593498483
1.2102467531804,154.645605478436,1.65232796943747,1.7295451622922
1.8235689252615,70.5409122165293,1.23900879966095,1.26341750053689
1.70231368928216,413.245243951678,1.28958616522141,1.46704157209024
1.7595257430803,123.511042445898,1.60932886810042,1.8891636650078
1.24317188141868,122.096884297207,1.04696740908548,1.17439463105984
1.66102601098828,994.155470980331,1.17400897457264,1.26019028574228
1.38306748028845,881.808300269768,1.03550803521648,1.77640090393834
1.71102851908654,903.086820151657,1.93115557660349,1.73275856347755
1.64284557988867,550.163174746558,1.00262368074618,1.16063116886653
1.4881051061675,190.372876822948,1.76220678398386,1.58225607033819
1.72166486619972,69.5846688468009,1.9347273488529,1.01789621822536
1.17724691703916,772.291942732409,1.54110847739503,1.17122065462172
1.48892532568425,934.53560047783,1.36733529902995,1.0908362029586
1.84519473067485,284.641501726583,1.34729803283699,1.56313339085318
1.91841588797979,717.438051477075,1.63750485889614,1.56632516882382
1.79929084330797,810.633344342932,1.14573083375581,1.95833032974042
1.06089545530267,534.827520372346,1.27759693725966,1.17998727667145
1.1754188251216,312.425299547613,1.51681325444952,1.94451785366982
1.43717169645242,179.643640760332,1.0364915500395,1.72070504282601
1.61517146369442,906.507245497778,1.4536034904886,1.68390099215321
1.95745295705274,878.967178286985,1.63680644752458,1.79462454630993
1.06858001369983,925.063899951056,1.62917114049196,1.02630739612505
1.22000490524806,244.329424574971,1.51160590536892,1.97316060191952
1.07822983385995,553.721757838503,1.61573408567347,1.49596776883118
1.5570136802271,842.103752540424,1.38573635253124,1.59344399021938
1.61045302730054,514.651015400887,1.67754645110108,1.7980573233217
1.28207787428983,255.788745824248,1.97057628096081,1.49121170956641
1.25389681011438,276.249753544107,1.63103133300319,1.8034918026533
1.99269722541794,823.345587821677,1.76894313446246,1.59852026589215
1.88585987081751,939.229029463604,1.47081279219128,1.69587116315961
1.99877333804034,319.312682375312,1.87165502109565,1.25073807570152
1.85307986871339,63.1620108615607,1.72665592678823,1.7494414804969
1.52093095262535,651.236009551212,1.24302585539408,1.04694392951205
1.83506477391347,286.183188436553,1.31084508355707,1.73892858950421
1.0870295681525,418.753724778071,1.34683141531423,1.1401447285898
1.41560424235649,378.677992383018,1.25512031000108,1.60520479432307
1.09628405421972,875.029552727938,1.51733517716639,1.62633542413823
1.07068781228736,653.11142615974,1.3589158016257,1.14376064296812
1.39755773125216,67.9011491592973,1.82467173505574,1.13687873911113
1.9114479070995,659.109806641936,1.32704755431041,1.25987212639302
1.32144480920397,651.62836923264,1.94934483850375,1.22723568510264
1.86836921819486,715.80575266853,1.56364673748612,1.38061570259742
1.84969055908732,388.980750227347,1.52101922873408,1.24263271410018
1.25324833602645,616.163223516196,1.03363098413683,1.393218240235
1.3106680100318,247.376495506614,1.1601263366174,1.48209169367328
1.89075622195378,814.509753370658,1.13607285125181,1.78936122753657
1.19351279712282,998.864650260657,1.46384622645564,1.71956382878125
1.93539452296682,800.574996042997,1.2028461790178,1.01182104437612
1.69497785298154,606.47434508428,1.38305994076654,1.03870352148078
1.32135130814277,869.638479314744,1.86877707694657,1.38727438519709
1.85554703674279,251.681943424046,1.46451018704101,1.25725988345221
1.28891361411661,309.392863651738,1.22819237667136,1.98721876274794
1.88776030787267,852.751267841086,1.67422202252783,1.26997876144014
1.08802795526572,487.430890556425,1.83534300466999,1.61813955218531
1.34382441453636,908.175730612129,1.58831907599233,1.95412592613138
1.5710632565897,658.264454454184,1.16281972476281,1.28231870871969
1.98561873729341,575.484303059056,1.64971820940264,1.78233653004281
1.98971966886893,50.4592161159962,1.22076178481802,1.36293012741953
1.68042613635771,553.389846114442,1.82093704584986,1.06540531199425
1.44412252493203,906.558879418299,1.74891194142401,1.9298978485167
1.93070785026066,567.830428946763,1.03575114323758,1.22531916224398
1.14969282760285,585.753321414813,1.93585599632934,1.49960974883288
1.06859707809053,575.282850535586,1.44296499504708,1.79983045696281
1.65036511817016,45.8852187730372,1.82239860575646,1.75933538959362
1.45991160324775,879.006856353953,1.54528949200176,1.39774241205305
1.72750831698067,452.549503650516,1.17312069470063,1.32384148845449
1.33431247388944,568.093277746812,1.58217917568982,1.36286855814978
1.18752281949855,536.89067880623,1.91061401297338,1.180206367746
1.39029574627057,483.009717427194,1.1204811707139,1.83467117487453
1.91713566333055,227.831827942282,1.96708087041043,1.27290988410823
1.09293471626006,664.795134216547,1.14755921810865,1.35760498023592
1.38213493977673,970.949843758717,1.09763155505061,1.61368184024468
1.91707805800252,482.72574110888,1.04786680988036,1.89584683254361
1.46269093290903,715.113341342658,1.42011483921669,1.1308454212267
1.82632219931111,23.1706700287759,1.72598615614697,1.74683632818051
1.23486877442338,493.527214974165,1.04595514619723,1.83782295067795
1.50392546411604,461.446674307808,1.32992299553007,1.81623209174722
1.52265850710683,259.704925352708,1.61729836417362,1.74694569921121
1.0390116807539,125.543088652194,1.62946772575378,1.60377391544171
1.073888578685,789.394402178004,1.27469253982417,1.25418483885005
1.17112463060766,996.784234885126,1.2829337506555,1.32237164932303
1.61766415485181,537.58184867911,1.08784191822633,1.79330392903648
1.18930387124419,289.695180254057,1.79077470721677,1.14440774987452
1.43050751369447,339.223887305707,1.80104877683334,1.52593914465979
1.47641239245422,429.740608669817,1.28073680191301,1.94415621692315
1.06622690195218,86.15003968589,1.26376291434281,1.79375273943879
1.83390451641753,878.25375655666,1.25614052545279,1.38107527140528
1.72104355483316,186.590369557962,1.23152356990613,1.83983406401239
1.68605716829188,589.622345520183,1.21167728188448,1.24457172793336
1.53562410152517,276.801122585312,1.76567931519821,1.28325113630854
1.56084088236094,30.8080343529582,1.56719540129416,1.02338881767355
1.92530014924705,788.976242300123,1.37744001788087,1.32224804279394
1.05930223176256,690.23624365218,1.61147371516563,1.57373487949371
1.91005964018404,727.910668589175,1.74019400705583,1.44273849553429
1.26978599396534,247.926751151681,1.65031925146468,1.32640706282109
1.12772513646632,721.198114100844,1.31136105791666,1.36699781240895
1.6964721258264,732.755687786266,1.08328647702001,1.38595582148992
1.08388347853906,88.6935533490032,1.32976509584114,1.52227881271392
1.13940933346748,227.720842463896,1.98636819748208,1.80775929428637
1.43845390924253,680.38149853237,1.67874720995314,1.61383492848836
1.54988862317987,888.01322504878,1.40153560996987,1.45101360371336
1.48255925904959,241.450735135004,1.29061698401347,1.30566795519553
1.8402488513384,864.985435502604,1.54456967790611,1.92672193190083
1.98035247949883,536.758076166734,1.07774394541048,1.22313632140867
1.47168875182979,810.373376822099,1.81261876109056,1.42715973267332
1.07466610427946,80.860183108598,1.31929122214206,1.9564739712514
1.56875308509916,539.308526320383,1.76656227605417,1.23508721077815
1.02435108227655,206.655176356435,1.19911796995439,1.81104241195135
1.18357579410076,473.937701433897,1.55071110324934,1.37407323578373
1.57081447984092,737.853648606688,1.55728769325651,1.01805793819949
1.53259001090191,52.7817350812256,1.21809669025242,1.78283759439364
1.61226347787306,437.652296386659,1.19922611024231,1.44767594593577
1.0546415951103,527.539730537683,1.37412378331646,1.36240040953271
1.80304238339886,74.8520668130368,1.96935256849974,1.17035988811404
1.19575963448733,607.10067441687,1.52437127497979,1.03457393171266
1.99978543352336,976.163702318445,1.95773038710468,1.04221829306334
1.69191733538173,92.571236891672,1.50096213514917,1.85884936153889
1.83920783456415,432.961743790656,1.37148997420445,1.93861868930981
1.60680963983759,710.564184235409,1.60739643219858,1.41317958221771
1.73174116155133,132.664245553315,1.68919218610972,1.55406745593064
1.76524204853922,27.9474533163011,1.69521041051485,1.3959647542797
1.19439199287444,623.379399301484,1.18072787392884,1.21411810303107
1.16470030718483,631.76299748011,1.33503934461623,1.75407865247689
1.70084642083384,210.471894359216,1.92810222948901,1.92340493039228
1.34729849314317,639.536205912009,1.07719944906421,1.66794944624417
1.22316101007164,830.191650427878,1.03124080458656,1.51136647560634
1.60858241887763,545.156937092543,1.63336528465152,1.48461058433168
1.04721800540574,835.56232904084,1.39716025139205,1.63211978878826
1.32977960188873,76.4073932077736,1.41982491756789,1.82474085059948
1.17035451205447,558.342605363578,1.78665032517165,1.17683743033558
1.15035338513553,335.454053943977,1.57011533598416,1.09831121633761
1.98366934829392,813.31224530004,1.46837456896901,1.96603827783838
1.933711593505,468.418233795092,1.69327366934158,1.21269029495306
1.05638868478127,899.239962222055,1.48864634893835,1.57509241090156
1.39424657495692,938.88286780566,1.06781316548586,1.37377040181309
1.16583738452755,421.281875343993,1.11328509845771,1.18722609849647
1.44164261943661,443.547701463103,1.40526737621985,1.49591373675503
1.62383274873719,147.40248885937,1.31953467661515,1.66030894522555
1.57291006785817,974.039884284139,1.71645666379482,1.60748615209013
1.91345420060679,483.758492860943,1.74578228732571,1.75296756136231
1.80843245680444,712.303961161524,1.59224996413104,1.38290743902326
1.77419248060323,812.922552926466,1.69032004405744,1.27037528110668
1.46183124836534,667.85253235139,1.93460790324025,1.56191263953224
1.64647262822837,167.635777266696,1.37956920894794,1.95708106970415
1.63333565718494,538.984835147858,1.28590550133958,1.2385849559214
1.90424657100812,261.882558930665,1.52043744316325,1.64096146565862
1.93211319111288,907.811800017953,1.83626612415537,1.89695043559186
1.80205003428273,843.371017370373,1.49113989621401,1.9248157015536
1.95685807592236,337.496760999784,1.03973506693728,1.83566425391473
1.35812739119865,93.1157628074288,1.01726940809749,1.85994092840701
1.60947925690562,908.505814382806,1.41197843616828,1.84351166826673
1.7553910408169,982.648103730753,1.38200488197617,1.5251052537933
1.57975538121536,727.114327251911,1.27899742708541,1.53978222818114
1.22942744125612,348.337609088048,1.77966530644335,1.67336486070417
1.04845726978965,983.697465155274,1.25959122576751,1.92592193325981
1.68898314563558,80.9906250797212,1.06066489941441,1.64611085923389
1.98042609030381,872.879138449207,1.24745869613253,1.58486427739263
1.46094808448106,835.923332488164,1.12987040216103,1.00318005308509
1.25848528556526,854.842962464318,1.79555224766955,1.00347464997321
1.03871193225496,999.626165721565,1.49321333877742,1.97587909735739
1.02242447156459,574.875022750348,1.67674966854975,1.61508569424041
1.89283026941121,626.646376447752,1.85544096515514,1.40615452127531
1.80653838557191,58.0828802194446,1.60932199470699,1.31603012094274
1.10855626850389,540.798526955768,1.7094216523692,1.83201770693995
1.64759653364308,41.421510046348,1.73443060880527,1.07602026336826
1.2839352611918,496.022227220237,1.11933901463635,1.96702193212695
1.34542301134206,433.653014712036,1.03167339297943,1.89125474332832
1.86256063915789,788.83664496243,1.18553087092005,1.40392598463222
1.92969709425233,301.326048793271,1.2770589585416,1.3763503942173
1.13756332499906,283.698437036946,1.30095712095499,1.02523947157897
1.75371945300139,790.676537435502,1.15215169778094,1.55408540298231
1.05315941222943,411.983744474128,1.05532868904993,1.50899884477258
1.8909714857582,982.552295550704,1.63138158083893,1.87101435777731
1.25479659042321,948.412134079263,1.23680195910856,1.95109284413047
1.0967197320424,574.237917317078,1.18941012234427,1.82534947083332
1.97177689056844,129.467834252864,1.53713397821411,1.57058462454006
1.59279315709136,880.824960535392,1.27531029004604,1.18594314786606
1.55647573783062,472.35977742821,1.48443637625314,1.32832417008467
1.14968886668794,454.512089956552,1.18362294463441,1.06534485868178
1.90403572493233,135.346997063607,1.17908788193017,1.57312393072061
1.81032424513251,977.26769070141,1.9510150407441,1.49463124829344
1.82152400375344,364.83706580475,1.49460658384487,1.73519097361714
1.9669746607542,244.495988124982,1.06752604572102,1.93318279576488
1.84037917247042,254.806115757674,1.27980034681968,1.14684161264449
1.04567325371318,463.937017600983,1.44041988113895,1.52131704986095
1.45060045970604,454.064420424402,1.1722468205262,1.92670534714125
1.89758171141148,995.183950755745,1.63387104566209,1.91520128957927
1.15661932970397,307.772480184212,1.80336681380868,1.85367102827877
1.87414303864352,764.368399279192,1.55329822073691,1.07548452541232
1.69572140648961,11.3659803755581,1.926334743388,1.41969490679912
1.94485049857758,41.9313460588455,1.38974585710093,1.24446824984625
1.83347453433089,917.974844807759,1.40382370119914,1.62920171464793
1.01507074944675,328.652887139469,1.32528454740532,1.85811290191486
1.87716967915185,41.631376137957,1.8971034726128,1.14659741730429
1.20513406931423,707.416454795748,1.68308632005937,1.44868743536063
1.53696092450991,427.18097101897,1.37951611238532,1.86459197779186
1.6687227205839,961.806203937158,1.33386406512,1.50039588892832
1.8787494872231,782.102345023304,1.78486892930232,1.59514858433977
1.84572404809296,201.183134689927,1.9606692653615,1.7868512799032
1.67636936623603,966.423792531714,1.59632463171147,1.03826549625956
1.99546980834566,903.019182849675,1.3100672964938,1.528934732778
1.05564173567109,897.706441348419,1.43283183430322,1.54869815264829
1.62747464282438,858.346268068999,1.15884068375453,1.1754565523006
1.79984857467934,689.259812934324,1.61086032353342,1.3940566140227
1.7178145062644,919.919015141204,1.63942278246395,1.30830439808778
1.36058049998246,310.680491151288,1.37893186905421,1.8022164911963
1.46393178612925,897.630878491327,1.42792948079295,1.33966114884242
1.22243033000268,754.212631145492,1.85432472429238,1.8500618210528
1.33754274109378,896.17374842055,1.9684365245048,1.18908518785611
1.20542224333622,872.060034889728,1.28881633165292,1.98621848481707
1.27536103851162,576.023266650736,1.42292307573371,1.44659766741097
1.20825415709987,173.915192484856,1.31322850217111,1.90371661121026
1.48487233323976,549.482566537336,1.28482832806185,1.05475876643322
1.20096722478047,273.170021129772,1.60709983389825,1.23790150880814
1.85203395481221,901.195428334177,1.64631367614493,1.40975520433858
1.64072430343367,834.440900711343,1.42940334416926,1.15012255473994
1.4657630675938,104.03178143315,1.18252888624556,1.16865129419602
1.76324948691763,543.050448177382,1.69454416399822,1.0940424608998
1.95142402686179,170.376733643934,1.49273004103452,1.63855798123404
1.96600523288362,207.006461685523,1.1763872585725,1.45290767075494
1.95859266491607,380.487018031999,1.06786865391769,1.62199673079886
1.18203683407046,402.824438177049,1.2928081615828,1.83154912991449
1.89911436312832,729.249669937417,1.31916802399792,1.83485960355029
1.72701701661572,281.874994980171,1.24810983007774,1.21345350984484
1.85698410961777,732.14632133022,1.10528344055638,1.24402349698357
1.33495011529885,544.356240192428,1.24834986869246,1.11004220065661
1.03488205256872,740.171008743346,1.54198882635683,1.75747244339436
1.55887260311283,468.080177437514,1.12866214686073,1.76659680227749
1.8199863852933,54.1604810860008,1.55406315950677,1.8607628068421
1.59767101076432,57.6672870665789,1.83843040140346,1.74973416910507
1.35939821321517,268.067120807245,1.70620823977515,1.72122441628017
1.2981011972297,394.656363409013,1.51781701599248,1.11261953227222
1.88241277844645,478.170709451661,1.63769782637246,1.68654581531882
1.06115320208482,419.90424413234,1.6614987005014,1.57435478991829
1.47176289767958,999.75646310486,1.044460385805,1.48974151536822
1.53892784379423,927.729284157977,1.69715617643669,1.75464734132402
1.12743016891181,762.226838618517,1.38704857137054,1.51601771684363
1.5129017282743,830.144760897383,1.63800671091303,1.18538779625669
1.44027527072467,48.3661158941686,1.70799091621302,1.37277203262784
1.36022673733532,209.124695276842,1.21174870291725,1.94213134422898
1.37611017352901,311.971232527867,1.91529913805425,1.5556364140939
1.2982068809215,405.611739726737,1.85635831183754,1.37135604838841
1.44946369924583,492.571866605431,1.82282735384069,1.84749502921477
1.46731790318154,926.741727860644,1.64644129620865,1.453429591842
1.6151341649238,618.225392652676,1.38166341278702,1.35294017777778
1.63389128004201,411.966934800148,1.27051179599948,1.93661668756977
1.70303818956017,987.785066477954,1.98871204769239,1.9653475608211
1.5797466924414,129.940285347402,1.38689630571753,1.85460034338757
1.72629151516594,509.575365111232,1.16859513754025,1.49771029595286
1.10576587961987,783.350708661601,1.47791092307307,1.24819156015292
1.59070051345043,265.207620104775,1.48299338715151,1.75568000273779
1.85362697881646,279.513833811507,1.49604512727819,1.34202508954331
1.22554702474736,709.176748991013,1.08388018328696,1.5895196297206
1.70937183499336,246.912145754322,1.64565178053454,1.91342088603415
1.58939116029069,455.883946968243,1.60621846863069,1.56221143412404
1.77206183015369,162.594743072987,1.82655465858988,1.08418900985271
1.48529710480943,766.422439366579,1.07808742811903,1.70290053612553
1.11089536221698,223.040853859857,1.93784227198921,1.00198375224136
1.00000522611663,348.669656785205,1.00201526260935,1.06660447618924
1.7720658085309,851.852946681902,1.34497199347243,1.34140088083223
1.74132661195472,154.168529435992,1.00396056822501,1.15747970738448
1.10104563948698,88.2010909263045,1.85133489733562,1.33337520877831
1.82542618899606,16.4301502518356,1.86082986742258,1.62879407498986
1.1104687792249,726.199538679793,1.64181537390687,1.55783638753928
1.74428328406066,948.289808817208,1.93010307475924,1.20371721312404
1.79240031004883,938.749929890037,1.7069947947748,1.87270128820091
1.87339470023289,250.096864998341,1.45687066367827,1.0942538746167
1.44257715530694,663.621467538178,1.88996137236245,1.54014205047861
1.14298846549354,333.566090557724,1.78577552549541,1.67259382968768
1.66826963168569,605.994218727574,1.33019423764199,1.35420243581757
1.48279175604694,407.083246856928,1.03037275723182,1.6328980489634
1.82633730303496,811.01148785092,1.79709718283266,1.31943393102847
1.25498608057387,318.301211576909,1.75501217949204,1.81175756826997
1.95596776576713,852.214517071843,1.91119853360578,1.16769643058069
1.83714037504978,292.477131821215,1.12764951935969,1.60116994637065
1.29296866711229,507.778597297147,1.33813401684165,1.02740767993964
1.68895368790254,647.592599969357,1.40961490711197,1.43753998307511
1.35086672240868,864.92356378585,1.24040604801849,1.02979375817813
1.1272635536734,841.675107367337,1.97425746545196,1.99428174109198
1.88245925796218,940.835205838084,1.90757384547032,1.41520796366967
1.01954997284338,202.712213387713,1.06611770670861,1.05725504108705
1.39007446239702,10.3443954139948,1.28899116627872,1.70348309190013
1.22220601351,480.599752860144,1.63418128644116,1.97820091922767
1.55148645141162,759.174789534882,1.8132418547757,1.28460124786943
1.19198463927023,0.161991454660892,1.67748202732764,1.10153911728412
1.28013126924634,227.820888627321,1.57699341978878,1.35544750303961
1.30000383709557,11.0956432763487,1.61495896545239,1.04220119817182
1.58007532940246,707.409685011953,1.47418368980289,1.30228992807679
1.63745477399789,819.165957625955,1.59768065740354,1.69903415837325
1.7415215333458,690.352119039744,1.94448857940733,1.24009721074253
1.86272477544844,144.807154079899,1.1594128953293,1.30670819524676
1.18168141157366,338.469654321671,1.11539955204353,1.20268101477996
1.35833770385943,25.7690406870097,1.1011638189666,1.38444518833421
1.04937075288035,682.627363596112,1.36994685581885,1.88622426125221
1.70904519269243,344.657511916012,1.75225522369146,1.07630263478495
1.14240262750536,295.524331741035,1.05437813536264,1.07077785325237
1.08581072464585,956.320415250957,1.75746741169132,1.73619101475924
1.59961102111265,479.751216480508,1.597190879751,1.59657628159039
1.43049856438302,991.481480421498,1.90811268263496,1.37533204630017
1.27252550097182,841.0088296514,1.99178388598375,1.13553770072758
1.12471779296175,455.798102077097,1.77903335168958,1.50989709212445
1.07695390796289,18.9194683916867,1.83251822413877,1.63352517061867
1.06299312808551,407.575121615082,1.27393119665794,1.60251465765759
1.67525783577003,51.1734527535737,1.62377087934874,1.94397575687617
1.87994872266427,452.09119701758,1.87365146260709,1.65363334910944
1.46869083726779,481.291763717309,1.30245854402892,1.31438182247803
1.94388088141568,448.057693196461,1.77806361881085,1.2894812556915
1.3772244497668,991.594181163236,1.52734779962339,1.13842716836371
1.49573365179822,740.927361184731,1.77039920771495,1.69413151498884
1.3982771653682,567.383823683485,1.48225264740176,1.38307208544575
1.490903748665,445.502730319276,1.46151093463413,1.65000886423513
1.24695506785065,449.834343977273,1.40717902965844,1.31579126487486
1.45844451989979,939.556525554508,1.93609245796688,1.11171665438451
1.8572591021657,191.143746720627,1.58601957373321,1.69141676765867
1.67723908205517,300.738313002512,1.85323534789495,1.08593986695632
1.81954484060407,82.6363111846149,1.53046036767773,1.35959718795493
1.36175649403594,81.7066074814647,1.32092693890445,1.84879218298011
1.38121384591796,267.754716798663,1.07723270938732,1.84812899795361
1.60113881668076,714.639482786879,1.26865292130969,1.60256640729494
1.99323746492155,875.794929685071,1.35323745338246,1.89384614350274
1.81309351418167,461.097786668688,1.12878547119908,1.14954579737969
1.79133036709391,722.979819634929,1.35810613143258,1.68356861150824
1.24136327090673,428.190782200545,1.76523773209192,1.32099922327325
1.68030857271515,21.5989584103227,1.92441330314614,1.73368911352009
1.44671905227005,555.210337275639,1.67594902263954,1.20853143488057
1.86580093717203,864.999014185742,1.60729890014045,1.47272339602932
1.79885333729908,534.76303583011,1.49743127054535,1.27756542270072
1.10929129179567,907.173302024603,1.88877763785422,1.71474190615118
1.51722627948038,995.087082963437,1.66454467130825,1.78014316409826
1.31810259539634,471.165105002001,1.33781234943308,1.45490837516263
1.21255823853426,928.01311518997,1.02237385534681,1.72275293758139
1.62326268688776,124.993872828782,1.57327725295909,1.76024458417669
1.00284051941708,769.182631745934,1.06872210558504,1.11557343439199
1.21750830626115,372.314777690917,1.81372542097233,1.41068737721071
1.22181188990362,451.734194532037,1.32238394534215,1.12525918474421
1.18096537934616,656.828505219892,1.23109468258917,1.9905068424996
1.35445413016714,430.674986215308,1.05739678279497,1.49827443854883
1.51896358584054,200.280657038093,1.42048327624798,1.3891650645528
1.02102839224972,6.83675310574472,1.61428027483635,1.66287579620257
1.08480771468021,625.678558601066,1.70832746336237,1.85634741280228
1.05676276399754,491.891158046201,1.59452244406566,1.82143037230708
1.53602212178521,388.412253465503,1.76466995058581,1.67932659992948
1.77585812285542,366.993465926498,1.64148810179904,1.56891242158599
1.94747353391722,92.7234434057027,1.31960643595085,1.45499825594015
1.57118802168407,759.187856921926,1.77731100213714,1.40785640059039
1.76527337427251,281.45399922505,1.2257902151905,1.23326530540362
1.69376048957929,724.620007909834,1.62466011499055,1.85352158406749
1.59305806877092,588.758401805535,1.80265939934179,1.06868405942805
1.0971292166505,604.244808433577,1.95733305881731,1.87348070228472
1.9292151008267,369.8526090011,1.57009421591647,1.96176271210425
1.74771719356067,246.718590147793,1.33558040461503,1.63753606495447
1.25330624287017,923.149502370507,1.27214139094576,1.47277332516387
1.64436770183966,587.28063502349,1.90804159431718,1.63512541144155
1.61131674936041,739.162154495716,1.94058885681443,1.53544132248498
1.24380461219698,26.738494168967,1.9603501255624,1.77890666970052
1.38869827915914,812.700038775802,1.60632252809592,1.65431651170366
1.10205917269923,285.247000167146,1.20096908090636,1.07817501644604
1.29649403388612,479.138229740784,1.04347581067123,1.07942730677314
1.52727498626336,510.586861753836,1.6400524857454,1.09838183037937
1.21232309890911,906.598653178662,1.49753325246274,1.77245786786079
1.064897056669,531.069974182174,1.24710333347321,1.0498115750961
1.38359349453822,887.50481326133,1.96962559921667,1.38735948014073
1.54303691419773,482.962419744581,1.48763722227886,1.34437332069501
1.50098823360167,858.462664065883,1.72212876030244,1.55382078234106
1.95222910540178,544.227972626686,1.91314606275409,1.54923000116833
1.54147295677103,36.0121841076761,1.49242478632368,1.57153187226504
1.0988841492217,830.980602419004,1.23469424247742,1.46061426424421
1.67782829911448,20.4799601342529,1.4447638716083,1.89822291373275
1.43862526887096,238.48657310009,1.04110835888423,1.59078394598328
1.85356064490043,569.115565158427,1.4473202326335,1.37458628369495
1.15721591166221,538.295038277283,1.46711049391888,1.97765065077692
1.60990115953609,354.643269442022,1.2630131659098,1.37850546021946
1.71793799195439,999.578743241727,1.38751114509068,1.67740851896815
1.59351352090016,535.000240663067,1.38650499260984,1.26233789464459
1.6532822381705,896.591195371002,1.14766771299765,1.62689159554429
1.60514014866203,112.905980553478,1.67143736383878,1.00605265214108
1.24858795315959,185.508792288601,1.3852994882036,1.18309909827076
1.03710899408907,732.030763523653,1.68845238839276,1.56714014685713
1.11152319004759,472.924826899543,1.47902934974991,1.53259240463376
1.9565860144794,81.810565199703,1.03262097458355,1.80245528696105
1.1310043905396,694.348980905488,1.44516105344519,1.16424728278071
1.73716221819632,851.734943687916,1.09827045770362,1.76866875891574
1.13233341998421,407.705117482692,1.15215298905969,1.02718487335369
1.52534781279974,352.259120205417,1.76238257018849,1.74064391828142
1.57903293869458,249.72642515786,1.24601937737316,1.06684099510312
1.93844556296244,572.883788729087,1.992426071316,1.91380495321937
1.46686109481379,787.88849641569,1.13903265050612,1.72148958244361
1.95676455134526,746.753538493067,1.07547773350962,1.76426719245501
1.35606738412753,121.747375931591,1.29271592176519,1.38240584312007
1.25902065983973,786.040645791218,1.4251155811362,1.25992090487853
1.5169332085643,664.39952282235,1.36340336920694,1.20332045969553
1.44096296699718,492.680745199323,1.83999659353867,1.058264213847
1.36621966492385,501.209134003147,1.48231532564387,1.1130843674764
1.21928750933148,970.982184400782,1.41500467504375,1.5848127193749
1.34433993394487,411.281475331634,1.40289254649542,1.06628316501155
1.68684143177234,343.070679344237,1.96505520120263,1.49442841322161
1.90493169706315,388.898700708523,1.97919353679754,1.74938116106205
1.81931685982272,159.291775664315,1.10099610267207,1.01561326696537
1.72747755143791,63.3535671513528,1.27054505445994,1.22583084879443
1.6257993215695,610.513478983194,1.3877511206083,1.48858180409297
1.23800028511323,748.514605220407,1.35780297778547,1.95526184816845
1.58587550837547,672.447527293116,1.6692702146247,1.32031440152787
1.70517464773729,235.914077842608,1.96890898840502,1.00403908849694
1.08402062975802,36.3257916178554,1.90563685190864,1.85360711510293
1.65447889501229,228.283224627376,1.0057442903053,1.92854558024555
1.92188357515261,514.308884274215,1.95543335564435,1.48635130585171
1.86114492337219,621.593615738675,1.73707453766838,1.36173312598839
1.21684079919942,623.159709619358,1.11116116540506,1.01036870665848
1.75343286292627,295.122565701604,1.97260069218464,1.90145971952006
1.73672546818852,534.417730988935,1.18920583534054,1.66296167881228
1.07951510092244,931.78195785731,1.49439989496022,1.99270039005205
1.06138910842128,586.201322032139,1.49283890263177,1.13841777248308
1.22838930273429,976.273344596848,1.49491826677695,1.40171088278294
1.97106606792659,790.650986833498,1.85791873722337,1.77084987936541
1.10845084860921,897.205444052815,1.00749001838267,1.67119911219925
1.36853198660538,472.980940248817,1.5287644083146,1.35124920145608
1.197912362637,145.466694841161,1.44893981562927,1.77570241643116
1.09613786335103,821.565659949556,1.29265029798262,1.79119710251689
1.26768044545315,548.907089745626,1.54065166553482,1.12713041738607
1.40715132909827,565.983562730253,1.57164400536567,1.72065755608492
1.12683151615784,890.823650173843,1.52672736532986,1.17819881858304
1.28726404672489,533.836822491139,1.78201879817061,1.1010040550027
1.48338322620839,267.887128749862,1.83463698229752,1.75571036385372
1.77490427671,152.988303918391,1.02874735672958,1.49855181644671
1.03155369707383,22.8266965132207,1.66671073413454,1.06223234790377
1.37750337133184,184.84922638163,1.43542930693366,1.74767832551152
1.82534576882608,963.140069274232,1.48720376566052,1.46260692970827
1.42234605900012,503.605759702623,1.85811803187244,1.80387594783679
1.29216398578137,224.165462190285,1.4806438954547,1.0301103470847
1.70165947265923,832.3224124033,1.53206409676932,1.98006360558793
1.99440099601634,524.033630965278,1.57506636995822,1.91261754161678
1.63750981912017,414.839912205935,1.39195429394022,1.89370831940323
1.71325877425261,125.407633837312,1.07801928906702,1.55544808413833
1.10360030992888,137.277187546715,1.15997517015785,1.28382061771117
1.41990071488544,481.940020807087,1.73849300295115,1.79291882878169
1.50539409252815,136.792793404311,1.78946624137461,1.87868874752894
1.88801375194453,811.564499512315,1.87413387256674,1.72695928509347
1.40506110293791,863.6146732606,1.40547916898504,1.87154036248103
1.83264197758399,340.233393246308,1.87784625450149,1.73192110727541
1.03451144532301,613.337744493037,1.48148076259531,1.08103484893218
1.33070855401456,900.633287383243,1.62521155877039,1.97864141105674
1.96860334090889,860.596618615091,1.63374964497052,1.14858230995014
1.83402924751863,769.040696090087,1.46081731445156,1.53196861827746
1.33561370451935,167.427059728652,1.16750938934274,1.85957143409178
1.30495809274726,568.059911718592,1.52072273055092,1.9878733290825
1.08049586275592,276.434515602887,1.14647561358288,1.51742681651376
1.762796954019,938.584364252165,1.12956076161936,1.08008048473857
1.39837071415968,922.8072068654,1.56392422853969,1.35626459936611
1.51713963481598,534.769013989717,1.02502083405852,1.58206555526704
1.31269189133309,480.751953786239,1.13391825417057,1.42500650486909
1.6969370469451,577.145298477262,1.51213933015242,1.29046950023621
1.46572169149294,297.16635774821,1.23136692773551,1.00498531386256
1.78717941371724,421.281411545351,1.68278571614064,1.98413759889081
1.30633753561415,553.416697308421,1.36444920604117,1.50514980056323
1.42217995692044,408.891053171828,1.87552014458925,1.70901333307847
1.09224592312239,237.038651481271,1.19610548741184,1.47744216537103
1.40276252478361,923.847385449335,1.27033285936341,1.2387117005419
1.34831719100475,147.876049857587,1.70203497563489,1.49216046393849
1.46227290038951,263.696640962735,1.885548052378,1.54746824456379
1.34947101050057,286.528613418341,1.3166559941601,1.63079635356553
1.80833132984117,41.1515892483294,1.33242299687117,1.37227446469478
1.22146554314531,793.743640184402,1.15465924004093,1.882631003391
1.77621191204526,822.55759369582,1.9277031251695,1.72765166452155
1.6048520009499,984.893110813573,1.25227539381012,1.86835126578808
1.57515023346059,30.9280846267939,1.60181405977346,1.91390295187011
1.8018246665597,923.121343366802,1.32527814782225,1.44371792813763
1.55988787091337,310.143480310217,1.59236901556142,1.11327971587889
1.15780553827062,839.6085370332,1.48621744057164,1.3375991161447
1.28038097801618,307.287391740829,1.38646671408787,1.44081075792201
1.04554889188148,26.8742986954749,1.52200085436925,1.33642727811821
1.12153066694736,905.249735107645,1.43205104023218,1.49448965489864
1.42271892726421,973.392138723284,1.43758491124026,1.93416316667572
1.57781705632806,170.8164724987,1.75729455472901,1.08623881824315
1.13697225181386,960.48771776259,1.16694010118954,1.80623142258264
1.70984145766124,669.88169029355,1.45725394156761,1.21866143774241
1.37103931093588,486.205690540373,1.82028225716203,1.34965259814635
1.93661014735699,972.328695468605,1.83571268292144,1.38740075053647
1.34525682334788,226.631595520303,1.23190797865391,1.28151874337345
1.18781617330387,120.961291948333,1.92958641727455,1.48049642215483
1.92312838998623,490.12333387509,1.85179214202799,1.05843244842254
1.58840194740333,761.389158666134,1.64681888418272,1.3698338274844
1.78325401665643,464.630265254527,1.2345508877188,1.29210272734053
1.66863258462399,531.072092941031,1.02817992004566,1.04072340275161
1.63800724875182,581.82720001787,1.19125209748745,1.52566220518202
1.62152716121636,20.0442702043802,1.96898974664509,1.73858688236214
1.99002683744766,473.11457595788,1.28602933976799,1.41513946605846
1.77618812047876,368.464367697015,1.2754554534331,1.01677006902173
1.73030019621365,187.085471581668,1.90924016386271,1.1458442772273
1.08365378039889,733.944676117972,1.08353715273552,1.63041796023026
1.45648839045316,267.102642450482,1.23848951654509,1.61075115320273
1.53697679936886,314.473313977942,1.60224542953074,1.90403966675512
1.37357686180621,711.508669424802,1.26810230687261,1.24444023682736
1.41982850013301,673.042357433587,1.59291725396179,1.8254892337136
1.76879584300332,479.904663749039,1.61664913524874,1.18557869642973
1.4565829122439,552.060183370486,1.38632591930218,1.05123191792518
1.74501744913869,943.35273327306,1.09501594048925,1.55752911209129
1.2774471945595,889.576525893062,1.0375492349267,1.13751972117461
1.38246186240576,711.617067223415,1.21446008118801,1.57171551394276
1.76279660803266,962.324504507706,1.53725146641955,1.14053436205722
1.28676141821779,327.057161834091,1.86366530088708,1.93570064730011
1.08185383235104,714.050388196483,1.83895746362396,1.31084057479165
1.87968663498759,949.821629794315,1.91566704888828,1.91051144339144
1.02054983819835,532.508017960936,1.40973914880306,1.66365805617534
1.59953154902905,492.724361596629,1.75169992935844,1.84735986008309
1.02250185166486,890.255566686392,1.08894593385048,1.30726013332605
1.39267106540501,158.523644553497,1.56372646731324,1.65249437955208
1.33092662272975,396.048138849437,1.43216115655378,1.77290446590632
1.490526443813,326.054591452703,1.91170679708011,1.90284595824778
1.5330399312079,196.026970166713,1.68885362381116,1.43304746644571
1.01586419623345,920.974634587765,1.07053031167015,1.54916294268332
1.13736956077628,132.394466316327,1.40289381635375,1.53599534323439
1.69584302580915,591.636106837541,1.98284188448451,1.08028537104838
1.31966321193613,112.482940778136,1.83695205068216,1.39118888205849
1.47636435576715,625.848641851917,1.63067599595524,1.30506533710286
1.49389186291955,332.092874450609,1.20458335266449,1.63768505980261
1.48612785106525,136.290557216853,1.15402163146064,1.8783987313509
1.66471142694354,43.5263300314546,1.74340263823979,1.98635290004313
1.24895398272201,648.493428248912,1.11463933857158,1.3262449526228
1.21629806351848,852.924006991088,1.93098166980781,1.47631443128921
1.73975273198448,305.013134842739,1.82297131908126,1.96530129620805
1.39825730258599,47.703284304589,1.7687540773768,1.19537068693899
1.19910035212524,813.520275754854,1.58594143670052,1.83971432060935
1.50040806201287,335.088243475184,1.61400345433503,1.86202079313807
1.05465206922963,733.220136724412,1.99027063231915,1.08027113927528
1.92385647841729,938.839020207524,1.44737863587216,1.00556732248515
1.14901118376292,44.6415711194277,1.89446456241421,1.22281025885604
1.37441553757526,167.856778483838,1.29878719779663,1.33880666224286
1.60456445999444,331.694423453882,1.02720829029568,1.34726722305641
1.78055680380203,531.309803947806,1.63657555775717,1.24437304516323
1.06797411479056,612.75399196893,1.07694816705771,1.83332259231247
1.2344984349329,339.789230842143,1.90184472827241,1.65097992424853
1.18300376436673,891.46428462118,1.09185017133132,1.47798249521293
1.10114019480534,204.643449280411,1.53834159602411,1.02270354912616
1.14670275757089,806.102028815076,1.09415326011367,1.42711827531457
1.77262665703893,278.97252002731,1.35750421369448,1.43584848381579
1.49330360395834,505.354560213163,1.30649404716678,1.88795349281281
1.8103805212304,641.566717531532,1.25869541731663,1.2309134947136
1.31437983899377,371.389362029731,1.28833075729199,1.39376432728022
1.29912313073874,428.412480745465,1.05670795240439,1.6913271707017
1.30250808713026,24.1435426287353,1.69322874979116,1.11645765695721
1.88359229592606,152.056661201641,1.57750081038103,1.55055891140364
1.50129540567286,743.077737046406,1.95014750189148,1.66963540064171
1.11474221735261,530.128497630358,1.38041511480696,1.28833958716132
1.34615422715433,327.597398078069,1.12423455878161,1.98602947569452
1.68391715339385,422.997032525018,1.01232514786534,1.86124708154239
1.65644718566909,984.34932762757,1.8221021592617,1.80642112600617
1.47959743905813,796.968669863418,1.16979452501982,1.56506197853014
1.78816861449741,377.596196252853,1.34449888346717,1.01210249797441
1.46682992624119,443.991349777207,1.97977018076926,1.94970804895274
1.53213268937543,891.31707791239,1.67076953779906,1.47896647499874
1.90370754757896,822.24865606986,1.44008809817024,1.89990643411875
1.32602648204193,101.539929397404,1.58972386084497,1.49366857181303
